<bulletin><id>VMW-ESX-5.0.0-ExampleNasPlugin-1.0</id><vendor>VMware</vendor><summary>ExampleNasPlugin: NAS VAAI Example</summary><severity>general</severity><category>enhancement</category><urgency>Important</urgency><releaseType>extension</releaseType><description>Sample NAS VAAI Module for ESX Server</description><kbUrl>http://kb.vmware.com/kb/example.html</kbUrl><contact>none@vmware.com</contact><releaseDate>2010-11-03T08:23:45+00:00</releaseDate><platforms><softwarePlatform locale="" version="5.0.0" productLineID="esx"/><softwarePlatform locale="" version="5.0.0" productLineID="embeddedEsx"/></platforms><vibList><vibID>VMware_bootbank_vmware-esx-ExampleNasPlugin_1.0-14</vibID></vibList></bulletin>