<vib version="5.0"><type>bootbank</type><name>vmware-esx-ExampleNasPlugin</name><version>1.0-14</version><vendor>VMware</vendor><summary>NAS VAAI Example</summary><description>Sample NAS VAAI Module for ESX Server</description><release-date>2015-04-28T06:31:42.731192+00:00</release-date><urls/><relationships><depends/><conflicts/><replaces/><provides/><compatibleWith/></relationships><software-tags/><relative-path>vmware-esx-ExampleNasPlugin.vib</relative-path><packed-size>34888</packed-size><checksum checksum-type="sha-256">f41cc2dca44af519bd82b73e698435bbfafe8002b7ba94faa4bc31ba4566498d</checksum><system-requires><maintenance-mode>false</maintenance-mode></system-requires><file-list><file>etc/vmware/firewall/ExampleNasPlugin-firewall.xml</file><file>usr/lib/vmware/nas_plugins/lib32/libnvdkExampleNasPlugin.so</file><file>usr/lib/vmware/nas_plugins/lib64/libnvdkExampleNasPlugin.so</file></file-list><acceptance-level>accepted</acceptance-level><live-install-allowed>false</live-install-allowed><live-remove-allowed>false</live-remove-allowed><cimom-restart>false</cimom-restart><stateless-ready>true</stateless-ready><overlay>false</overlay><payloads><payload name="vmware-esx-Exam" type="vgz" size="31418"><checksum checksum-type="sha-256">cc9952901191a7b03c62787cbf5802c165e3fec3cad0b783081274c344d279d5</checksum><checksum checksum-type="sha-1" verify-process="gunzip">e6d43ce4cb759786ec2955d21e2277cb36f8c83f</checksum></payload></payloads></vib>