<metadataResponse>
  <version>3.0</version>
  <timestamp>2015-04-28T06:31:43.202198</timestamp>
  <bulletin>
    <id>VMW-ESX-5.0.0-ExampleNasPlugin-1.0</id>
    <vendor>VMware</vendor>
    <summary>ExampleNasPlugin: NAS VAAI Example</summary>
    <severity>general</severity>
    <category>enhancement</category>
    <urgency>Important</urgency>
    <releaseType>extension</releaseType>
    <description>Sample NAS VAAI Module for ESX Server</description>
    <kbUrl>http://kb.vmware.com/kb/example.html</kbUrl>
    <contact>none@vmware.com</contact>
    <releaseDate>2010-11-03T08:23:45+00:00</releaseDate>
    <platforms>
      <softwarePlatform locale="" version="5.0.0" productLineID="esx"/>
      <softwarePlatform locale="" version="5.0.0" productLineID="embeddedEsx"/>
    </platforms>
    <vibList>
      <vib>
        <vibVersion>1.4.5</vibVersion>
        <vibID>VMware_bootbank_vmware-esx-ExampleNasPlugin_1.0-14</vibID>
        <name>vmware-esx-ExampleNasPlugin</name>
        <version>1.0-14</version>
        <vendor>VMware</vendor>
        <vibType>bootbank</vibType>
        <summary>NAS VAAI Example</summary>
        <systemReqs>
          <maintenanceMode>false</maintenanceMode>
          <swPlatform locale="" version="5.*" productLineID="embeddedEsx"/>
        </systemReqs>
        <relationships>
          <depends/>
          <conflicts/>
          <replaces/>
          <provides/>
          <compatibleWith/>
        </relationships>
        <postInstall>
          <rebootRequired>true</rebootRequired>
          <hostdRestart>false</hostdRestart>
        </postInstall>
        <vibFile>
          <sourceUrl></sourceUrl>
          <relativePath>vmware-esx-ExampleNasPlugin.vib</relativePath>
          <packedSize>34888</packedSize>
          <checksum>
            <checksumType>sha-256</checksumType>
            <checksum>f41cc2dca44af519bd82b73e698435bbfafe8002b7ba94faa4bc31ba4566498d</checksum>
          </checksum>
        </vibFile>
      </vib>
    </vibList>
  </bulletin>
</metadataResponse>
